<?xml version="1.0" encoding="UTF-8"?>
<beans xmlns="http://www.springframework.org/schema/beans"
	xmlns:xsi="http://www.w3.org/2001/XMLSchema-instance"
	xmlns:context="http://www.springframework.org/schema/context"
	xmlns:jdbc="http://www.springframework.org/schema/jdbc"
	xmlns:mybatis-spring="http://mybatis.org/schema/mybatis-spring"
	xmlns:aop="http://www.springframework.org/schema/aop"
	xsi:schemaLocation="http://www.springframework.org/schema/jdbc http://www.springframework.org/schema/jdbc/spring-jdbc-4.3.xsd
		http://mybatis.org/schema/mybatis-spring http://mybatis.org/schema/mybatis-spring-1.2.xsd
		http://www.springframework.org/schema/beans https://www.springframework.org/schema/beans/spring-beans.xsd
		http://www.springframework.org/schema/context http://www.springframework.org/schema/context/spring-context-4.3.xsd
		http://www.springframework.org/schema/aop http://www.springframework.org/schema/aop/spring-aop-4.3.xsd">
	
	<!-- Root Context: defines shared resources visible to all other web components -->
	
	<!-- 방법3. mysql - HicariCP 컨텍션 풀 및 log4jdbc라이브러리 사용할 경우 -->	
	<bean id="hikariConfig_mysql"  class="com.zaxxer.hikari.HikariConfig">
		<property name="driverClassName" value="net.sf.log4jdbc.sql.jdbcapi.DriverSpy" />
		<property name="jdbcUrl" value="jdbc:log4jdbc:mysql://49.50.162.248:3306/boramDB?useSSL=false&amp;serverTimezone=UTC"/>
		<property name="username" value="boram" />
		<property name="password" value="1234"></property>
	</bean>
	
	<!--  HikariCP configuration -->
	<bean id="dataSource_mysql_final"  class="com.zaxxer.hikari.HikariDataSource" destroy-method="close">
		<constructor-arg ref="hikariConfig_mysql"></constructor-arg>
	</bean>	

	
	<!-- MyBatis 관련 설정은 데이터베이스 공용으로 사용 : datasource는 ref="데이터소스id" 설정에 따라 결정됨. -->
	<!-- mybatis SqlSessionFactoryBean 객체 주입 : ref값은 id값을 지칭 -->
	<bean id="sqlSessionFactory" 				class="org.mybatis.spring.SqlSessionFactoryBean">
		<!-- mysql dataSource 연결 -->
		<property name="dataSource"  			ref="dataSource_mysql_final"></property>  
		<property name="configLocation" 		value="classpath:/mybatis-config.xml"></property>
		<property name="mapperLocations" 	value="classpath:/mappers/**/*.xml"></property>
	</bean>
	<bean 	id="sqlSession" class="org.mybatis.spring.SqlSessionTemplate" destroy-method="clearCache">
		<constructor-arg name="sqlSessionFactory" ref="sqlSessionFactory" />
	</bean> 
	<mybatis-spring:scan base-package="com.example.ex01.mappers"/>
	<context:component-scan base-package="com.example.ex01"></context:component-scan> 
	
</beans>
