<!DOCTYPE mapper
  PUBLIC "-//mybatis.org//DTD Mapper 3.0//EN"
  "http://mybatis.org/dtd/mybatis-3-mapper.dtd">

<mapper namespace="mysqlMember">
	<select id="list" resultType="MemberDTO">
		select * from member order by id
	</select>
	
	<select id="insert">	
		INSERT INTO member 
		(id, passwd, name, email, phone, sns, birth) 
		VALUES 
		(#{id}, #{passwd}, #{name}, #{email}, #{phone}, #{sns}, #{birth})
	</select>
	
	<select id="detail" resultType="MemberDTO">
		select * from member where id = #{id}
	</select>
	
	<delete id="delete">
		delete from member where id = #{id}
	</delete>
	
	<update id="update">
		update member set 
		name = #{name}, passwd = #{passwd}, email = #{email} where id = #{id}
	</update>
	
	<select id="check_passwd" resultType="int">
		select count(*) from member where id = #{id} and passwd = #{passwd}
	</select>
	
	<select id="loginCheck" resultType="String">
	 	select name 
	 	from 
	 		member
	 	where 
	 		id = #{id} and passwd = #{passwd}
	 </select>	
	
</mapper>