<!DOCTYPE mapper
  PUBLIC "-//mybatis.org//DTD Mapper 3.0//EN"
  "http://mybatis.org/dtd/mybatis-3-mapper.dtd">

<mapper namespace="mysqlProduct">

	<!-- 상품 등록 / 완료 -->
	<insert id="prod_insert">
		INSERT INTO product 
			(prodnum, prodname, price, content, image) 
		VALUES 
			((select MAX(p.prodnum)+1  FROM product p), #{prodname}, #{price}, #{content}, #{image})	
	</insert>

	<!-- 상품 목록 / 완료 -->
	<select id="prod_list" resultType="BooksDTO">
		select * from product
	</select>
	
	<!-- 상품 조회(이름) / 완료 -->
	<select id="name_list" resultType="int">   
		SELECT prodnum FROM product WHERE prodname = #{prodname}
	</select>
	
	<!-- 상품 조회(key) / 완료 -->
	<select id="prodnum_list" resultType="BooksDTO">   
		select * from product WHERE prodnum = #{prodnum}
	</select>
   
	<!-- 상품 등록시 중복 조회 / 완료 -->
	<select id="prodname_list" resultType="int">
		select COUNT(*) FROM product WHERE prodname = #{prodname}
	</select>

</mapper>