<!DOCTYPE mapper
  PUBLIC "-//mybatis.org//DTD Mapper 3.0//EN"
  "http://mybatis.org/dtd/mybatis-3-mapper.dtd">

<mapper namespace="mysqlOrder">
   
	<!-- 주문 추가 / 완료 -->
	<insert id="order_insert">
		INSERT INTO `order` 
		(detailnum, email, name, phone, totalprice, saleprice, usereserves, payprice, addreserves, address, pay, request)
		VALUES
		(ifnull((SELECT MAX(detailnum)+1 FROM `order` AS order_as),1), #{email}, #{name}, #{phone}, #{totalprice} , #{saleprice},
		 #{usereserves}, #{payprice}, #{addreserves}, #{address}, #{pay}, #{request})
	</insert>

	<!-- 주문내역관리자수정 / 관리자 -->
	<update id="order_update_admin">
		UPDATE `order` SET result = #{result}, delivery = #{delivery} WHERE email = #{email} AND detailnum = #{detailnum}
	</update>

	<!-- 주문내역회원수정 / 수정 예정-->
	<update id="order_update_email">
		UPDATE `order` SET address = #{address}, request = #{request} WHERE email = #{email} AND detailnum = #{detailnum}
	</update>

	<!-- 적립금추가 (이벤트시 적립금 선물 등등) / 관리자 -->
	<update id="reserves_add">
		UPDATE member SET reserves = (addreservesfunction(#{email}, #{detailnum})) WHERE email = #{email}
	</update>

	<!-- 적립금사용 (회원 욕설등 제제로 인한 포인트 차감 등등) / 관리자 -->
	<update id="reserves_use">
		UPDATE member SET reserves = (subreservesfunction(#{email}, #{detailnum})) WHERE email = #{email}
	</update>

	<!-- 주문상세내역조회  / 완료-->
	<select id="order_detail_list" resultType="OrderDTO">
		SELECT * FROM `order` WHERE email = #{email} AND detailnum = (select max(detailnum) from `order` where email = #{email})
	</select>

	<!-- 회원주문내역조회 / 관리자-->
	<!-- result 값에 따라 1: 배송전, 2: 배송중, 3: 배송완료 -->
	<update id="order_email_list">
		SELECT * FROM order_detail WHERE detailnum = (deliveryfunction(#{email},#{result} ))
	</update> 
	
	<!-- 안드로이드 통신에 사용 -->
	<!-- order_detail_insert 안드로이드에서 받은 데이터 저장-->
	<insert id="order_detail_insert">
		INSERT INTO order_detail (detailnum, prodnum, email, prodname, image, quantity, price, totalprice) 
        values
        (IFNULL((SELECT MAX(detailnum) FROM `order` where email = #{email}),1), 
        (select ifnull((select prodnum from product where prodname = #{prodname}), (MAX(prodnum)+1)) FROM product ), 
        #{email}, #{prodname}, #{image}, #{quantity}, #{price}, #{totalprice})
	</insert> 
	
	<resultMap id = "order_result_android" type = "hashmap"></resultMap>
	<select id = "order_result_android" statementType = "CALLABLE">
		{	call orderresultandroid(#{email})	}
	</select>
	
	<!-- 상품 중복 -->
	<select id="prod_duplication" resultType="int">
		SELECT count(*) FROM product WHERE prodname = #{prodname}
	</select>	
	
	<!-- 상품 등록 -->
	<insert id="prod_insert">
       INSERT INTO product 
       (prodnum, prodname, price, image) 
       VALUES 
       ((select ifnull((select max(prodnum)+1 from product AS p), 1)), #{prodname}, #{price}, #{image})	
    </insert>	

</mapper>