<!DOCTYPE mapper
  PUBLIC "-//mybatis.org//DTD Mapper 3.0//EN"
  "http://mybatis.org/dtd/mybatis-3-mapper.dtd">

<mapper namespace="mysqlProduct">
   
	<!-- 상품 목록 -->
	<select id="prod_list" resultType="BooksDTO">
		select * from product
	</select>
	
	<!-- 상품 조회(이름) / ?? -->
	<select id="name_list" resultType="BooksDTO">   
		select * from product WHERE NAME LIKE "%#{prodname}%"
	</select>
	
	<!-- 상품 조회(key) / 진행 중-->
	<select id="prodnum_list" resultType="BooksDTO">   
		select * from product WHERE prodnum = #{prodnum}
	</select>
   
	<!-- 상품 등록시 중복 조회 -->
	<select id="prodname_list" resultType="int">
		select COUNT(*) FROM product WHERE prodname = #{prodname}
	</select>
   
	<!-- 상품 등록 -->
	<insert id="prod_insert">
		INSERT INTO product 
			(prodnum, prodname, price, content, image) 
		VALUES 
			((select MAX(p.prodnum)+1  FROM product p), #{prodname}, #{price}, #{content}, #{image})	
	</insert>
   
	<!-- 상품 수정 -->
	<update id="prod_update">
		update product set 
		prodname = #{prodname}, price = #{price}, content = #{content}, image = #{image} where prodnum = #{prodnum}
	</update>
	
	<!-- 상품 삭제 -->
	<delete id="prod_delete">
		delete from product where prodnum = #{prodnum}
	</delete>

</mapper>